delta_e_deg,J_level,slope_dCm_dalpha,intercept,sigma_Cm,sigma_gradient
-10,1.9,-0.05045344238563063,0.26296339015320097,0.00122,0.00017253405460951758
-10,2.5,-0.04713588646484414,0.24123736081783184,0.00122,0.00017253405460951758
-10,3.6,-0.04496400265023254,0.2331860578002045,0.00122,0.00017253405460951758
-10,5.0,-0.04415975970686435,0.2311555179591361,0.00122,0.00017253405460951758
10,1.9,-0.04640104056696065,-0.33309987770255933,0.00122,0.00017253405460951758
10,2.5,-0.044244421557844166,-0.30179577449585715,0.00122,0.00017253405460951758
10,3.6,-0.04245305457829158,-0.2995949172314778,0.00122,0.00017253405460951758
10,5.0,-0.04167125384772327,-0.3041771141563911,0.00122,0.00017253405460951758
