delta_e_deg,fit_slope_dgrad_dJ,fit_intercept,sigma_gradient
-10,0.001881670678482787,-0.05158866445185117,0.00017253405460951758
10,0.0016071429913405901,-0.05239700532469685,0.00017253405460951758
