alpha_key,alpha_corr_mean_for_panel,J_level,slope_dCm_ddeltae,intercept
-2,-1.9898712044,1.9,-0.032157168009999994,0.04606325549999997
-2,-1.9898712044,2.5,-0.0291487614,0.04723586930000004
-2,-1.9898712044,3.6,-0.028573883789999994,0.04008215149999998
-2,-1.9898712044,5.0,-0.0287336285,0.03492533370000001
8,8.698260290599999,1.9,-0.03280795111,-0.4873175893
8,8.698260290599999,2.5,-0.030304285024999992,-0.45449296120000005
8,8.698260290599999,3.6,-0.029824316074999996,-0.43843816195
8,8.698260290599999,5.0,-0.02994216376,-0.4345620427000001
