J_level,CL_tangent,CD_tangent,CLCD_max_from_origin_tangent,a_cd_cl2,b_cd_cl1,c_cd_cl0
1.9,0.5274170261064738,0.023614794677196585,22.33417793023495,0.058786568057155084,-0.017264735767551158,0.01636792591626566
2.5,0.9762388941839493,0.10287170313923653,9.489868101654864,0.04978990016299786,-0.01430472206438437,0.06938464431148753
3.6,0.9575993236948699,0.12022714267959966,7.964917924123276,0.06951561344028519,-0.03177614908351688,0.08691038978256821
5.0,0.9517242536441504,0.12256723113649931,7.764915996056439,0.06890747583643819,-0.031145835185001875,0.08979452953826071
